"sku","name","short_description","description","type","attribute_set","store","websites","color","size","weight","price","tax_class_id","status","visibility","qty","is_qty_decimal","is_in_stock","image","small_image","thumbnail","media_gallery"
"DUSG-003-L-Olive","Pench Men's","Pench Men's","Pench Men's","simple","Wears",,"base","Olive","L",100,1500,0,"Enabled","Not Visible Individually",0,0,"In Stock",,,,
"DUSG-003-M-Olive","Pench Men's","Pench Men's","Pench Men's","simple","Wears",,"base","Olive","M",100,1500,0,"Enabled","Not Visible Individually",0,0,"In Stock",,,,
"DUSG-003-S-Olive","Pench Men's","Pench Men's","Pench Men's","simple","Wears",,"base","Olive","S",100,1500,0,"Enabled","Not Visible Individually",0,0,"In Stock",,,,
"DUSG-003-XL-Olive","Pench Men's","Pench Men's","Pench Men's","simple","Wears",,"base","Olive","XL",100,1500,0,"Enabled","Not Visible Individually",0,0,"In Stock",,,,
"DUSG-004-10-Olive","Pench Boy's","Pench Boy's","Pench Boy's","simple","Wears",,"base","Olive","10",100,1500,0,"Enabled","Not Visible Individually",0,0,"In Stock",,,,
"DUSG-004-12-Olive","Pench Boy's","Pench Boy's","Pench Boy's","simple","Wears",,"base","Olive","12",100,1500,0,"Enabled","Not Visible Individually",0,0,"In Stock",,,,
"DUSG-004-8-Olive","Pench Boy's","Pench Boy's","Pench Boy's","simple","Wears",,"base","Olive","8",100,1500,0,"Enabled","Not Visible Individually",0,0,"In Stock",,,,
"DUSG-005-L-Aqua_Blue","Bandhavgarh","Bandhavgarh","Bandhavgarh","simple","Wears",,"base","Aqua Blue","L",100,1500,0,"Enabled","Not Visible Individually",0,0,"In Stock",,,,
"DUSG-005-L-Beige","Bandhavgarh","Bandhavgarh","Bandhavgarh","simple","Wears",,"base","Beige","L",100,1500,0,"Enabled","Not Visible Individually",0,0,"In Stock",,,,
"DUSG-005-M-Aqua_Blue","Bandhavgarh","Bandhavgarh","Bandhavgarh","simple","Wears",,"base","Aqua Blue","M",100,1500,0,"Enabled","Not Visible Individually",0,0,"In Stock",,,,
"DUSG-005-M-Beige","Bandhavgarh","Bandhavgarh","Bandhavgarh","simple","Wears",,"base","Beige","M",100,1500,0,"Enabled","Not Visible Individually",0,0,"In Stock",,,,
"DUSG-005-S-Aqua_Blue","Bandhavgarh","Bandhavgarh","Bandhavgarh","simple","Wears",,"base","Aqua_Blue","S",100,1500,0,"Enabled","Not Visible Individually",0,0,"In Stock",,,,
"DUSG-005-S-Beige","Bandhavgarh","Bandhavgarh","Bandhavgarh","simple","Wears",,"base","Beige","S",100,1500,0,"Enabled","Not Visible Individually",0,0,"In Stock",,,,
"DUSG-005-XL-Aqua_Blue","Bandhavgarh","Bandhavgarh","Bandhavgarh","simple","Wears",,"base","Aqua Blue","XL",100,1500,0,"Enabled","Not Visible Individually",0,0,"In Stock",,,,
"DUSG-005-XL-Beige","Bandhavgarh","Bandhavgarh","Bandhavgarh","simple","Wears",,"base","Beige","XL",100,1500,0,"Enabled","Not Visible Individually",0,0,"In Stock",,,,
"DUSG-006-L-Beige_All_over_printed","Ranthambhore Men's Shorts","Ranthambhore Men's Shorts","Ranthambhore Men's Shorts","simple","Wears",,"base","Beige All over printed","L",100,1500,0,"Enabled","Not Visible Individually",0,0,"In Stock",,,,
"DUSG-006-M-Beige_All_over_printed","Ranthambhore Men's Shorts","Ranthambhore Men's Shorts","Ranthambhore Men's Shorts","simple","Wears",,"base","Beige All over printed","M",100,1500,0,"Enabled","Not Visible Individually",0,0,"In Stock",,,,
"DUSG-006-S-Beige_All_over_printed","Ranthambhore Men's Shorts","Ranthambhore Men's Shorts","Ranthambhore Men's Shorts","simple","Wears",,"base","Beige All over printed","S",100,1500,0,"Enabled","Not Visible Individually",0,0,"In Stock",,,,
"DUSG-006-XL-Beige_All_over_printed","Ranthambhore Men's Shorts","Ranthambhore Men's Shorts","Ranthambhore Men's Shorts","simple","Wears",,"base","Beige All over printed","XL",100,1500,0,"Enabled","Not Visible Individually",0,0,"In Stock",,,,
"DUSG-007-10-Beige_All_over_printed","Ranthambhore Boy's Shorts","Ranthambhore Boy's Shorts","Ranthambhore Boy's Shorts","simple","Wears",,"base","Beige All over printed","10",100,1500,0,"Enabled","Not Visible Individually",0,0,"In Stock",,,,
"DUSG-007-12-Beige_All_over_printed","Ranthambhore Boy's Shorts","Ranthambhore Boy's Shorts","Ranthambhore Boy's Shorts","simple","Wears",,"base","Beige All over printed","12",100,1500,0,"Enabled","Not Visible Individually",0,0,"In Stock",,,,
"DUSG-007-8-Beige_All_over_printed","Ranthambhore Boy's Shorts","Ranthambhore Boy's Shorts","Ranthambhore Boy's Shorts","simple","Wears",,"base","Beige All over printed","8",100,1500,0,"Enabled","Not Visible Individually",0,0,"In Stock",,,,
"DUSG-008-L-Olive_All_over_printed","Ranthambhore Men's Pants","Ranthambhore Men's Pants","Ranthambhore Men's Pants","simple","Wears",,"base","Olive All over printed","L",100,1500,0,"Enabled","Not Visible Individually",0,0,"In Stock",,,,
"DUSG-008-M-Olive_All_over_printed","Ranthambhore Men's Pants","Ranthambhore Men's Pants","Ranthambhore Men's Pants","simple","Wears",,"base","Olive All over printed","M",100,1500,0,"Enabled","Not Visible Individually",0,0,"In Stock",,,,
"DUSG-008-S-Olive_All_over_printed","Ranthambhore Men's Pants","Ranthambhore Men's Pants","Ranthambhore Men's Pants","simple","Wears",,"base","Olive All over printed","S",100,1500,0,"Enabled","Not Visible Individually",0,0,"In Stock",,,,
"DUSG-008-XL-Olive_All_over_printed","Ranthambhore Men's Pants","Ranthambhore Men's Pants","Ranthambhore Men's Pants","simple","Wears",,"base","Olive All over printed","XL",100,1500,0,"Enabled","Not Visible Individually",0,0,"In Stock",,,,
"DUSG-009-10-Olive","Ranthambhore Boy's Pants","Ranthambhore Boy's Pants","Ranthambhore Boy's Pants","simple","Wears",,"base","Olive","10",100,1500,0,"Enabled","Not Visible Individually",0,0,"In Stock",,,,
"DUSG-009-10-Olive_All_over_printed","Ranthambhore Boy's Pants","Ranthambhore Boy's Pants","Ranthambhore Boy's Pants","simple","Wears",,"base","Olive All over printed","10",100,1500,0,"Enabled","Not Visible Individually",0,0,"In Stock",,,,
"DUSG-009-12-Olive","Ranthambhore Boy's Pants","Ranthambhore Boy's Pants","Ranthambhore Boy's Pants","simple","Wears",,"base","Olive","12",100,1500,0,"Enabled","Not Visible Individually",0,0,"In Stock",,,,
"DUSG-009-12-Olive_All_over_printed","Ranthambhore Boy's Pants","Ranthambhore Boy's Pants","Ranthambhore Boy's Pants","simple","Wears",,"base","Olive All over printed","12",100,1500,0,"Enabled","Not Visible Individually",0,0,"In Stock",,,,
"DUSG-009-8-Olive","Ranthambhore Boy's Pants","Ranthambhore Boy's Pants","Ranthambhore Boy's Pants","simple","Wears",,"base","Olive","8",100,1500,0,"Enabled","Not Visible Individually",0,0,"In Stock",,,,
"DUSG-009-8-Olive_All_over_printed","Ranthambhore Boy's Pants","Ranthambhore Boy's Pants","Ranthambhore Boy's Pants","simple","Wears",,"base","Olive All over printed","8",100,1500,0,"Enabled","Not Visible Individually",0,0,"In Stock",,,,
"DUSG-010-L-Red","Wow Tee","Wow Tee","Wow Tee","simple","Wears",,"base","Red","L",100,1500,0,"Enabled","Not Visible Individually",0,0,"In Stock",,,,
"DUSG-010-L-Yellow","Wow Tee","Wow Tee","Wow Tee","simple","Wears",,"base","Yellow","L",100,1500,0,"Enabled","Not Visible Individually",0,0,"In Stock",,,,
"DUSG-010-M-Red","Wow Tee","Wow Tee","Wow Tee","simple","Wears",,"base","Red","M",100,1500,0,"Enabled","Not Visible Individually",0,0,"In Stock",,,,
"DUSG-010-M-Yellow","Wow Tee","Wow Tee","Wow Tee","simple","Wears",,"base","Yellow","M",100,1500,0,"Enabled","Not Visible Individually",0,0,"In Stock",,,,
"DUSG-010-S-Red","Wow Tee","Wow Tee","Wow Tee","simple","Wears",,"base","Red","S",100,1500,0,"Enabled","Not Visible Individually",0,0,"In Stock",,,,
"DUSG-010-S-Yellow","Wow Tee","Wow Tee","Wow Tee","simple","Wears",,"base","Yellow","S",100,1500,0,"Enabled","Not Visible Individually",0,0,"In Stock",,,,
"DUSG-010-XL-Red","Wow Tee","Wow Tee","Wow Tee","simple","Wears",,"base","Red","XL",100,1500,0,"Enabled","Not Visible Individually",0,0,"In Stock",,,,
"DUSG-010-XL-Yellow","Wow Tee","Wow Tee","Wow Tee","simple","Wears",,"base","Yellow","XL",100,1500,0,"Enabled","Not Visible Individually",0,0,"In Stock",,,,
"DUSG-011-L-Yellow","Reuse Reduce","Reuse Reduce","Reuse Reduce","simple","Wears",,"base","Yellow","L",100,1500,0,"Enabled","Not Visible Individually",0,0,"In Stock",,,,
"DUSG-011-M-Yellow","Reuse Reduce","Reuse Reduce","Reuse Reduce","simple","Wears",,"base","Yellow","M",100,1500,0,"Enabled","Not Visible Individually",0,0,"In Stock",,,,
"DUSG-011-S-Yellow","Reuse Reduce","Reuse Reduce","Reuse Reduce","simple","Wears",,"base","Yellow","S",100,1500,0,"Enabled","Not Visible Individually",0,0,"In Stock",,,,
"DUSG-011-XL-Yellow","Reuse Reduce","Reuse Reduce","Reuse Reduce","simple","Wears",,"base","Yellow","XL",100,1500,0,"Enabled","Not Visible Individually",0,0,"In Stock",,,,
"DUSG-012-L-Cappuccino","Dandeli Men's Polo Shirt","Dandeli Men's Polo Shirt","Dandeli Men's Polo Shirt","simple","Wears",,"base","Cappuccino","L",100,1500,0,"Enabled","Not Visible Individually",0,0,"In Stock",,,,
"DUSG-012-L-Olive","Dandeli Men's Polo Shirt","Dandeli Men's Polo Shirt","Dandeli Men's Polo Shirt","simple","Wears",,"base","Olive","L",100,1500,0,"Enabled","Not Visible Individually",0,0,"In Stock",,,,
"DUSG-012-L-Rust","Dandeli Men's Polo Shirt","Dandeli Men's Polo Shirt","Dandeli Men's Polo Shirt","simple","Wears",,"base","Rust","L",100,1500,0,"Enabled","Not Visible Individually",0,0,"In Stock",,,,
"DUSG-012-M-Cappuccino","Dandeli Men's Polo Shirt","Dandeli Men's Polo Shirt","Dandeli Men's Polo Shirt","simple","Wears",,"base","Cappuccino","M",100,1500,0,"Enabled","Not Visible Individually",0,0,"In Stock",,,,
"DUSG-012-M-Olive","Dandeli Men's Polo Shirt","Dandeli Men's Polo Shirt","Dandeli Men's Polo Shirt","simple","Wears",,"base","Olive","M",100,1500,0,"Enabled","Not Visible Individually",0,0,"In Stock",,,,
"DUSG-012-M-Rust","Dandeli Men's Polo Shirt","Dandeli Men's Polo Shirt","Dandeli Men's Polo Shirt","simple","Wears",,"base","Rust","M",100,1500,0,"Enabled","Not Visible Individually",0,0,"In Stock",,,,
"DUSG-012-S-Cappuccino","Dandeli Men's Polo Shirt","Dandeli Men's Polo Shirt","Dandeli Men's Polo Shirt","simple","Wears",,"base","Cappuccino","S",100,1500,0,"Enabled","Not Visible Individually",0,0,"In Stock",,,,
"DUSG-012-S-Olive","Dandeli Men's Polo Shirt","Dandeli Men's Polo Shirt","Dandeli Men's Polo Shirt","simple","Wears",,"base","Olive","S",100,1500,0,"Enabled","Not Visible Individually",0,0,"In Stock",,,,
"DUSG-012-S-Rust","Dandeli Men's Polo Shirt","Dandeli Men's Polo Shirt","Dandeli Men's Polo Shirt","simple","Wears",,"base","Rust","S",100,1500,0,"Enabled","Not Visible Individually",0,0,"In Stock",,,,
"DUSG-012-XL-Cappuccino","Dandeli Men's Polo Shirt","Dandeli Men's Polo Shirt","Dandeli Men's Polo Shirt","simple","Wears",,"base","Cappuccino","XL",100,1500,0,"Enabled","Not Visible Individually",0,0,"In Stock",,,,
"DUSG-012-XL-Olive","Dandeli Men's Polo Shirt","Dandeli Men's Polo Shirt","Dandeli Men's Polo Shirt","simple","Wears",,"base","Olive","XL",100,1500,0,"Enabled","Not Visible Individually",0,0,"In Stock",,,,
"DUSG-012-XL-Rust","Dandeli Men's Polo Shirt","Dandeli Men's Polo Shirt","Dandeli Men's Polo Shirt","simple","Wears",,"base","Rust","XL",100,1500,0,"Enabled","Not Visible Individually",0,0,"In Stock",,,,
"DUSG-012-XXL-Cappuccino","Dandeli Men's Polo Shirt","Dandeli Men's Polo Shirt","Dandeli Men's Polo Shirt","simple","Wears",,"base","Cappuccino","XXL",100,1500,0,"Enabled","Not Visible Individually",0,0,"In Stock",,,,
"DUSG-012-XXL-Olive","Dandeli Men's Polo Shirt","Dandeli Men's Polo Shirt","Dandeli Men's Polo Shirt","simple","Wears",,"base","Olive","XXL",100,1500,0,"Enabled","Not Visible Individually",0,0,"In Stock",,,,
"DUSG-012-XXL-Rust","Dandeli Men's Polo Shirt","Dandeli Men's Polo Shirt","Dandeli Men's Polo Shirt","simple","Wears",,"base","Rust","XXL",100,1500,0,"Enabled","Not Visible Individually",0,0,"In Stock",,,,
"DUSG-013-L-Cappuccino","Dandeli Women Polo Shirt","Dandeli Women Polo Shirt","Dandeli Women Polo Shirt","simple","Wears",,"base","Cappuccino","L",100,1500,0,"Enabled","Not Visible Individually",0,0,"In Stock",,,,
"DUSG-013-L-Olive","Dandeli Women Polo Shirt","Dandeli Women Polo Shirt","Dandeli Women Polo Shirt","simple","Wears",,"base","Olive","L",100,1500,0,"Enabled","Not Visible Individually",0,0,"In Stock",,,,
"DUSG-013-M-Cappuccino","Dandeli Women Polo Shirt","Dandeli Women Polo Shirt","Dandeli Women Polo Shirt","simple","Wears",,"base","Cappuccino","M",100,1500,0,"Enabled","Not Visible Individually",0,0,"In Stock",,,,
"DUSG-013-M-Olive","Dandeli Women Polo Shirt","Dandeli Women Polo Shirt","Dandeli Women Polo Shirt","simple","Wears",,"base","Olive","M",100,1500,0,"Enabled","Not Visible Individually",0,0,"In Stock",,,,
"DUSG-013-S-Cappuccino","Dandeli Women Polo Shirt","Dandeli Women Polo Shirt","Dandeli Women Polo Shirt","simple","Wears",,"base","Cappuccino","S",100,1500,0,"Enabled","Not Visible Individually",0,0,"In Stock",,,,
"DUSG-013-S-Olive","Dandeli Women Polo Shirt","Dandeli Women Polo Shirt","Dandeli Women Polo Shirt","simple","Wears",,"base","Olive","S",100,1500,0,"Enabled","Not Visible Individually",0,0,"In Stock",,,,
"DUSG-013-XL-Cappuccino","Dandeli Women Polo Shirt","Dandeli Women Polo Shirt","Dandeli Women Polo Shirt","simple","Wears",,"base","Cappuccino","XL",100,1500,0,"Enabled","Not Visible Individually",0,0,"In Stock",,,,
"DUSG-013-XL-Olive","Dandeli Women Polo Shirt","Dandeli Women Polo Shirt","Dandeli Women Polo Shirt","simple","Wears",,"base","Olive","XL",100,1500,0,"Enabled","Not Visible Individually",0,0,"In Stock",,,,
"DUSG-014-L-Beige","Gir Men's Polo Shirt","Gir Men's Polo Shirt","Gir Men's Polo Shirt","simple","Wears",,"base","Beige","L",100,1500,0,"Enabled","Not Visible Individually",0,0,"In Stock",,,,
"DUSG-014-L-Olive","Gir Men's Polo Shirt","Gir Men's Polo Shirt","Gir Men's Polo Shirt","simple","Wears",,"base","Olive","L",100,1500,0,"Enabled","Not Visible Individually",0,0,"In Stock",,,,
"DUSG-014-M-Beige","Gir Men's Polo Shirt","Gir Men's Polo Shirt","Gir Men's Polo Shirt","simple","Wears",,"base","Beige","M",100,1500,0,"Enabled","Not Visible Individually",0,0,"In Stock",,,,
"DUSG-014-M-Olive","Gir Men's Polo Shirt","Gir Men's Polo Shirt","Gir Men's Polo Shirt","simple","Wears",,"base","Olive","M",100,1500,0,"Enabled","Not Visible Individually",0,0,"In Stock",,,,
"DUSG-014-S-Beige","Gir Men's Polo Shirt","Gir Men's Polo Shirt","Gir Men's Polo Shirt","simple","Wears",,"base","Beige","S",100,1500,0,"Enabled","Not Visible Individually",0,0,"In Stock",,,,
"DUSG-014-S-Olive","Gir Men's Polo Shirt","Gir Men's Polo Shirt","Gir Men's Polo Shirt","simple","Wears",,"base","Olive","S",100,1500,0,"Enabled","Not Visible Individually",0,0,"In Stock",,,,
"DUSG-014-XL-Beige","Gir Men's Polo Shirt","Gir Men's Polo Shirt","Gir Men's Polo Shirt","simple","Wears",,"base","Beige","XL",100,1500,0,"Enabled","Not Visible Individually",0,0,"In Stock",,,,
"DUSG-014-XL-Olive","Gir Men's Polo Shirt","Gir Men's Polo Shirt","Gir Men's Polo Shirt","simple","Wears",,"base","Olive","XL",100,1500,0,"Enabled","Not Visible Individually",0,0,"In Stock",,,,
"DUSG-015-L-Camel","Periyar Ss Men's Polo Shirt","Periyar Ss Men's Polo Shirt","Periyar Ss Men's Polo Shirt","simple","Wears",,"base","Camel","L",100,1500,0,"Enabled","Not Visible Individually",0,0,"In Stock",,,,
"DUSG-015-L-Multi_colour","Periyar Ss Men's Polo Shirt","Periyar Ss Men's Polo Shirt","Periyar Ss Men's Polo Shirt","simple","Wears",,"base","Multi colour","L",100,1500,0,"Enabled","Not Visible Individually",0,0,"In Stock",,,,
"DUSG-015-M-Camel","Periyar Ss Men's Polo Shirt","Periyar Ss Men's Polo Shirt","Periyar Ss Men's Polo Shirt","simple","Wears",,"base","Camel","M",100,1500,0,"Enabled","Not Visible Individually",0,0,"In Stock",,,,
"DUSG-015-M-Multi_colour","Periyar Ss Men's Polo Shirt","Periyar Ss Men's Polo Shirt","Periyar Ss Men's Polo Shirt","simple","Wears",,"base","Multi colour","M",100,1500,0,"Enabled","Not Visible Individually",0,0,"In Stock",,,,
"DUSG-015-S-Camel","Periyar Ss Men's Polo Shirt","Periyar Ss Men's Polo Shirt","Periyar Ss Men's Polo Shirt","simple","Wears",,"base","Camel","S",100,1500,0,"Enabled","Not Visible Individually",0,0,"In Stock",,,,
"DUSG-015-S-Multi_colour","Periyar Ss Men's Polo Shirt","Periyar Ss Men's Polo Shirt","Periyar Ss Men's Polo Shirt","simple","Wears",,"base","Multi colour","S",100,1500,0,"Enabled","Not Visible Individually",0,0,"In Stock",,,,
"DUSG-015-XL-Camel","Periyar Ss Men's Polo Shirt","Periyar Ss Men's Polo Shirt","Periyar Ss Men's Polo Shirt","simple","Wears",,"base","Camel","XL",100,1500,0,"Enabled","Not Visible Individually",0,0,"In Stock",,,,
"DUSG-015-XL-Multi_colour","Periyar Ss Men's Polo Shirt","Periyar Ss Men's Polo Shirt","Periyar Ss Men's Polo Shirt","simple","Wears",,"base","Multi colour","XL",100,1500,0,"Enabled","Not Visible Individually",0,0,"In Stock",,,,
"DUSG-016-10-Multi_colour","Periyar Ss Boy's Polo Shirt","Periyar Ss Boy's Polo Shirt","Periyar Ss Boy's Polo Shirt","simple","Wears",,"base","Multi colour","10",100,1500,0,"Enabled","Not Visible Individually",0,0,"In Stock",,,,
"DUSG-016-12-Multi_colour","Periyar Ss Boy's Polo Shirt","Periyar Ss Boy's Polo Shirt","Periyar Ss Boy's Polo Shirt","simple","Wears",,"base","Multi colour","12",100,1500,0,"Enabled","Not Visible Individually",0,0,"In Stock",,,,
"DUSG-016-8-Multi_colour","Periyar Ss Boy's Polo Shirt","Periyar Ss Boy's Polo Shirt","Periyar Ss Boy's Polo Shirt","simple","Wears",,"base","Multi colour","8",100,1500,0,"Enabled","Not Visible Individually",0,0,"In Stock",,,,
"DUSG-017-L-Multi_colour","Periyar Ls Men's Polo Shirt","Periyar Ls Men's Polo Shirt","Periyar Ls Men's Polo Shirt","simple","Wears",,"base","Multi colour","L",100,1500,0,"Enabled","Not Visible Individually",0,0,"In Stock",,,,
"DUSG-017-M-Multi_colour","Periyar Ls Men's Polo Shirt","Periyar Ls Men's Polo Shirt","Periyar Ls Men's Polo Shirt","simple","Wears",,"base","Multi colour","M",100,1500,0,"Enabled","Not Visible Individually",0,0,"In Stock",,,,
"DUSG-017-S-Multi_colour","Periyar Ls Men's Polo Shirt","Periyar Ls Men's Polo Shirt","Periyar Ls Men's Polo Shirt","simple","Wears",,"base","Multi colour","S",100,1500,0,"Enabled","Not Visible Individually",0,0,"In Stock",,,,
"DUSG-017-XL-Multi_colour","Periyar Ls Men's Polo Shirt","Periyar Ls Men's Polo Shirt","Periyar Ls Men's Polo Shirt","simple","Wears",,"base","Multi colour","XL",100,1500,0,"Enabled","Not Visible Individually",0,0,"In Stock",,,,
"DUSG-018-10-Multi_colour","Pariyar Ls Boy's Polo Shirt","Pariyar Ls Boy's Polo Shirt","Pariyar Ls Boy's Polo Shirt","simple","Wears",,"base","Multi colour","10",100,1500,0,"Enabled","Not Visible Individually",0,0,"In Stock",,,,
"DUSG-018-12-Multi_colour","Pariyar Ls Boy's Polo Shirt","Pariyar Ls Boy's Polo Shirt","Pariyar Ls Boy's Polo Shirt","simple","Wears",,"base","Multi colour","12",100,1500,0,"Enabled","Not Visible Individually",0,0,"In Stock",,,,
"DUSG-018-8-Multi_colour","Pariyar Ls Boy's Polo Shirt","Pariyar Ls Boy's Polo Shirt","Pariyar Ls Boy's Polo Shirt","simple","Wears",,"base","Multi colour","8",100,1500,0,"Enabled","Not Visible Individually",0,0,"In Stock",,,,
"DUSG-019-10-Ocean_Blue","Dolphin","Dolphin","Dolphin","simple","Wears",,"base","Ocean Blue","10",100,1500,0,"Enabled","Not Visible Individually",0,0,"In Stock",,,,
"DUSG-019-6-Ocean_Blue","Dolphin","Dolphin","Dolphin","simple","Wears",,"base","Ocean Blue","6",100,1500,0,"Enabled","Not Visible Individually",0,0,"In Stock",,,,
"DUSG-019-8-Ocean_Blue","Dolphin","Dolphin","Dolphin","simple","Wears",,"base","Ocean Blue","8",100,1500,0,"Enabled","Not Visible Individually",0,0,"In Stock",,,,
"DUSG-020-L-Cappuccino","Bharatpur Men's T-Shirt","Bharatpur Men's T-Shirt","Bharatpur Men's T-Shirt","simple","Wears",,"base","Cappuccino","L",100,1500,0,"Enabled","Not Visible Individually",0,0,"In Stock",,,,
"DUSG-020-L-Mineral_Blue","Bharatpur Men's T-Shirt","Bharatpur Men's T-Shirt","Bharatpur Men's T-Shirt","simple","Wears",,"base","Mineral Blue","L",100,1500,0,"Enabled","Not Visible Individually",0,0,"In Stock",,,,
"DUSG-020-M-Cappuccino","Bharatpur Men's T-Shirt","Bharatpur Men's T-Shirt","Bharatpur Men's T-Shirt","simple","Wears",,"base","Cappuccino","M",100,1500,0,"Enabled","Not Visible Individually",0,0,"In Stock",,,,
"DUSG-020-M-Mineral_Blue","Bharatpur Men's T-Shirt","Bharatpur Men's T-Shirt","Bharatpur Men's T-Shirt","simple","Wears",,"base","Mineral Blue","M",100,1500,0,"Enabled","Not Visible Individually",0,0,"In Stock",,,,
"DUSG-020-S-Cappuccino","Bharatpur Men's T-Shirt","Bharatpur Men's T-Shirt","Bharatpur Men's T-Shirt","simple","Wears",,"base","Cappuccino","S",100,1500,0,"Enabled","Not Visible Individually",0,0,"In Stock",,,,
"DUSG-020-S-Mineral_Blue","Bharatpur Men's T-Shirt","Bharatpur Men's T-Shirt","Bharatpur Men's T-Shirt","simple","Wears",,"base","Mineral Blue","S",100,1500,0,"Enabled","Not Visible Individually",0,0,"In Stock",,,,
"DUSG-020-XL-Cappuccino","Bharatpur Men's T-Shirt","Bharatpur Men's T-Shirt","Bharatpur Men's T-Shirt","simple","Wears",,"base","Cappuccino","XL",100,1500,0,"Enabled","Not Visible Individually",0,0,"In Stock",,,,
"DUSG-020-XL-Mineral_Blue","Bharatpur Men's T-Shirt","Bharatpur Men's T-Shirt","Bharatpur Men's T-Shirt","simple","Wears",,"base","Mineral Blue","XL",100,1500,0,"Enabled","Not Visible Individually",0,0,"In Stock",,,,
"DUSG-021-10-Mineral_Blue","Bharatpur Boy's  T-Shirt","Bharatpur Boy's  T-Shirt","Bharatpur Boy's  T-Shirt","simple","Wears",,"base","Mineral Blue","10",100,1500,0,"Enabled","Not Visible Individually",0,0,"In Stock",,,,
"DUSG-021-12-Mineral_Blue","Bharatpur Boy's  T-Shirt","Bharatpur Boy's  T-Shirt","Bharatpur Boy's  T-Shirt","simple","Wears",,"base","Mineral Blue","12",100,1500,0,"Enabled","Not Visible Individually",0,0,"In Stock",,,,
"DUSG-021-8-Mineral_Blue","Bharatpur Boy's  T-Shirt","Bharatpur Boy's  T-Shirt","Bharatpur Boy's  T-Shirt","simple","Wears",,"base","Mineral Blue","8",100,1500,0,"Enabled","Not Visible Individually",0,0,"In Stock",,,,
"DUSG-022-L-Natural","Bharatpur Women T-Shirt","Bharatpur Women T-Shirt","Bharatpur Women T-Shirt","simple","Wears",,"base","Natural","L",100,1500,0,"Enabled","Not Visible Individually",0,0,"In Stock",,,,
"DUSG-022-M-Natural","Bharatpur Women T-Shirt","Bharatpur Women T-Shirt","Bharatpur Women T-Shirt","simple","Wears",,"base","Natural","M",100,1500,0,"Enabled","Not Visible Individually",0,0,"In Stock",,,,
"DUSG-022-S-Natural","Bharatpur Women T-Shirt","Bharatpur Women T-Shirt","Bharatpur Women T-Shirt","simple","Wears",,"base","Natural","S",100,1500,0,"Enabled","Not Visible Individually",0,0,"In Stock",,,,
"DUSG-022-XL-Natural","Bharatpur Women T-Shirt","Bharatpur Women T-Shirt","Bharatpur Women T-Shirt","simple","Wears",,"base","Natural","XL",100,1500,0,"Enabled","Not Visible Individually",0,0,"In Stock",,,,
"DUSG-023-10-Natural","Bharatpur Girls T-Shirt","Bharatpur Girls T-Shirt","Bharatpur Girls T-Shirt","simple","Wears",,"base","Natural","10",100,1500,0,"Enabled","Not Visible Individually",0,0,"In Stock",,,,
"DUSG-023-12-Natural","Bharatpur Girls T-Shirt","Bharatpur Girls T-Shirt","Bharatpur Girls T-Shirt","simple","Wears",,"base","Natural","12",100,1500,0,"Enabled","Not Visible Individually",0,0,"In Stock",,,,
"DUSG-023-8-Natural","Bharatpur Girls T-Shirt","Bharatpur Girls T-Shirt","Bharatpur Girls T-Shirt","simple","Wears",,"base","Natural","8",100,1500,0,"Enabled","Not Visible Individually",0,0,"In Stock",,,,
"DUSG-024-L-Cappuccino","Tadoba Men's Polo Shirt","Tadoba Men's Polo Shirt","Tadoba Men's Polo Shirt","simple","Wears",,"base","Cappuccino","L",100,1500,0,"Enabled","Not Visible Individually",0,0,"In Stock",,,,
"DUSG-024-M-Cappuccino","Tadoba Men's Polo Shirt","Tadoba Men's Polo Shirt","Tadoba Men's Polo Shirt","simple","Wears",,"base","Cappuccino","M",100,1500,0,"Enabled","Not Visible Individually",0,0,"In Stock",,,,
"DUSG-024-S-Cappuccino","Tadoba Men's Polo Shirt","Tadoba Men's Polo Shirt","Tadoba Men's Polo Shirt","simple","Wears",,"base","Cappuccino","S",100,1500,0,"Enabled","Not Visible Individually",0,0,"In Stock",,,,
"DUSG-024-XL-Cappuccino","Tadoba Men's Polo Shirt","Tadoba Men's Polo Shirt","Tadoba Men's Polo Shirt","simple","Wears",,"base","Cappuccino","XL",100,1500,0,"Enabled","Not Visible Individually",0,0,"In Stock",,,,
"DUSG-025-L-Cappuccino","Tadoba Women Polo Shirt","Tadoba Women Polo Shirt","Tadoba Women Polo Shirt","simple","Wears",,"base","Cappuccino","L",100,1500,0,"Enabled","Not Visible Individually",0,0,"In Stock",,,,
"DUSG-025-M-Cappuccino","Tadoba Women Polo Shirt","Tadoba Women Polo Shirt","Tadoba Women Polo Shirt","simple","Wears",,"base","Cappuccino","M",100,1500,0,"Enabled","Not Visible Individually",0,0,"In Stock",,,,
"DUSG-025-S-Cappuccino","Tadoba Women Polo Shirt","Tadoba Women Polo Shirt","Tadoba Women Polo Shirt","simple","Wears",,"base","Cappuccino","S",100,1500,0,"Enabled","Not Visible Individually",0,0,"In Stock",,,,
"DUSG-025-XL-Cappuccino","Tadoba Women Polo Shirt","Tadoba Women Polo Shirt","Tadoba Women Polo Shirt","simple","Wears",,"base","Cappuccino","XL",100,1500,0,"Enabled","Not Visible Individually",0,0,"In Stock",,,,
"DUSG-026-L-Beige_All_over_printed","Manas","Manas","Manas","simple","Wears",,"base","Beige All over printed","L",100,1500,0,"Enabled","Not Visible Individually",0,0,"In Stock",,,,
"DUSG-026-M-Beige_All_over_printed","Manas","Manas","Manas","simple","Wears",,"base","Beige All over printed","M",100,1500,0,"Enabled","Not Visible Individually",0,0,"In Stock",,,,
"DUSG-026-S-Beige_All_over_printed","Manas","Manas","Manas","simple","Wears",,"base","Beige All over printed","S",100,1500,0,"Enabled","Not Visible Individually",0,0,"In Stock",,,,
"DUSG-026-XL-Beige_All_over_printed","Manas","Manas","Manas","simple","Wears",,"base","Beige All over printed","XL",100,1500,0,"Enabled","Not Visible Individually",0,0,"In Stock",,,,
"DUSG-027-L-Natural","Bamboo Tree Men's T-Shirt","Bamboo Tree Men's T-Shirt","Bamboo Tree Men's T-Shirt","simple","Wears",,"base","Natural","L",100,1500,0,"Enabled","Not Visible Individually",0,0,"In Stock",,,,
"DUSG-027-M-Natural","Bamboo Tree Men's T-Shirt","Bamboo Tree Men's T-Shirt","Bamboo Tree Men's T-Shirt","simple","Wears",,"base","Natural","M",100,1500,0,"Enabled","Not Visible Individually",0,0,"In Stock",,,,
"DUSG-027-S-Natural","Bamboo Tree Men's T-Shirt","Bamboo Tree Men's T-Shirt","Bamboo Tree Men's T-Shirt","simple","Wears",,"base","Natural","S",100,1500,0,"Enabled","Not Visible Individually",0,0,"In Stock",,,,
"DUSG-027-XL-Natural","Bamboo Tree Men's T-Shirt","Bamboo Tree Men's T-Shirt","Bamboo Tree Men's T-Shirt","simple","Wears",,"base","Natural","XL",100,1500,0,"Enabled","Not Visible Individually",0,0,"In Stock",,,,
"DUSG-028-L-Beige","Bamboo Tree Women T-Shirt","Bamboo Tree Women T-Shirt","Bamboo Tree Women T-Shirt","simple","Wears",,"base","Beige","L",100,1500,0,"Enabled","Not Visible Individually",0,0,"In Stock",,,,
"DUSG-028-M-Beige","Bamboo Tree Women T-Shirt","Bamboo Tree Women T-Shirt","Bamboo Tree Women T-Shirt","simple","Wears",,"base","Beige","M",100,1500,0,"Enabled","Not Visible Individually",0,0,"In Stock",,,,
"DUSG-028-S-Beige","Bamboo Tree Women T-Shirt","Bamboo Tree Women T-Shirt","Bamboo Tree Women T-Shirt","simple","Wears",,"base","Beige","S",100,1500,0,"Enabled","Not Visible Individually",0,0,"In Stock",,,,
"DUSG-028-XL-Beige","Bamboo Tree Women T-Shirt","Bamboo Tree Women T-Shirt","Bamboo Tree Women T-Shirt","simple","Wears",,"base","Beige","XL",100,1500,0,"Enabled","Not Visible Individually",0,0,"In Stock",,,,
"DUSG-029-L-Beige","Sunderbans Men's Polo Shirt","Sunderbans Men's Polo Shirt","Sunderbans Men's Polo Shirt","simple","Wears",,"base","Beige","L",100,1500,0,"Enabled","Not Visible Individually",0,0,"In Stock",,,,
"DUSG-029-L-Olive","Sunderbans Men's Polo Shirt","Sunderbans Men's Polo Shirt","Sunderbans Men's Polo Shirt","simple","Wears",,"base","Olive","L",100,1500,0,"Enabled","Not Visible Individually",0,0,"In Stock",,,,
"DUSG-029-M-Beige","Sunderbans Men's Polo Shirt","Sunderbans Men's Polo Shirt","Sunderbans Men's Polo Shirt","simple","Wears",,"base","Beige","M",100,1500,0,"Enabled","Not Visible Individually",0,0,"In Stock",,,,
"DUSG-029-M-Olive","Sunderbans Men's Polo Shirt","Sunderbans Men's Polo Shirt","Sunderbans Men's Polo Shirt","simple","Wears",,"base","Olive","M",100,1500,0,"Enabled","Not Visible Individually",0,0,"In Stock",,,,
"DUSG-029-S-Beige","Sunderbans Men's Polo Shirt","Sunderbans Men's Polo Shirt","Sunderbans Men's Polo Shirt","simple","Wears",,"base","Beige","S",100,1500,0,"Enabled","Not Visible Individually",0,0,"In Stock",,,,
"DUSG-029-S-Olive","Sunderbans Men's Polo Shirt","Sunderbans Men's Polo Shirt","Sunderbans Men's Polo Shirt","simple","Wears",,"base","Olive","S",100,1500,0,"Enabled","Not Visible Individually",0,0,"In Stock",,,,
"DUSG-029-XL-Beige","Sunderbans Men's Polo Shirt","Sunderbans Men's Polo Shirt","Sunderbans Men's Polo Shirt","simple","Wears",,"base","Beige","XL",100,1500,0,"Enabled","Not Visible Individually",0,0,"In Stock",,,,
"DUSG-029-XL-Olive","Sunderbans Men's Polo Shirt","Sunderbans Men's Polo Shirt","Sunderbans Men's Polo Shirt","simple","Wears",,"base","Olive","XL",100,1500,0,"Enabled","Not Visible Individually",0,0,"In Stock",,,,
"DUSG-030-10-Beige","Sunderbans Boy's Polo Shirt","Sunderbans Boy's Polo Shirt","Sunderbans Boy's Polo Shirt","simple","Wears",,"base","Beige","10",100,1500,0,"Enabled","Not Visible Individually",0,0,"In Stock",,,,
"DUSG-030-12-Beige","Sunderbans Boy's Polo Shirt","Sunderbans Boy's Polo Shirt","Sunderbans Boy's Polo Shirt","simple","Wears",,"base","Beige","12",100,1500,0,"Enabled","Not Visible Individually",0,0,"In Stock",,,,
"DUSG-030-8-Beige","Sunderbans Boy's Polo Shirt","Sunderbans Boy's Polo Shirt","Sunderbans Boy's Polo Shirt","simple","Wears",,"base","Beige","8",100,1500,0,"Enabled","Not Visible Individually",0,0,"In Stock",,,,
"DUSG-031-L-Green","Green Power Men's T-Shirt","Green Power Men's T-Shirt","Green Power Men's T-Shirt","simple","Wears",,"base","Green","L",100,1500,0,"Enabled","Not Visible Individually",0,0,"In Stock",,,,
"DUSG-031-L-Natural","Green Power Men's T-Shirt","Green Power Men's T-Shirt","Green Power Men's T-Shirt","simple","Wears",,"base","Natural","L",100,1500,0,"Enabled","Not Visible Individually",0,0,"In Stock",,,,
"DUSG-031-M-Green","Green Power Men's T-Shirt","Green Power Men's T-Shirt","Green Power Men's T-Shirt","simple","Wears",,"base","Green","M",100,1500,0,"Enabled","Not Visible Individually",0,0,"In Stock",,,,
"DUSG-031-M-Natural","Green Power Men's T-Shirt","Green Power Men's T-Shirt","Green Power Men's T-Shirt","simple","Wears",,"base","Natural","M",100,1500,0,"Enabled","Not Visible Individually",0,0,"In Stock",,,,
"DUSG-031-S-Green","Green Power Men's T-Shirt","Green Power Men's T-Shirt","Green Power Men's T-Shirt","simple","Wears",,"base","Green","S",100,1500,0,"Enabled","Not Visible Individually",0,0,"In Stock",,,,
"DUSG-031-S-Natural","Green Power Men's T-Shirt","Green Power Men's T-Shirt","Green Power Men's T-Shirt","simple","Wears",,"base","Natural","S",100,1500,0,"Enabled","Not Visible Individually",0,0,"In Stock",,,,
"DUSG-031-XL-Green","Green Power Men's T-Shirt","Green Power Men's T-Shirt","Green Power Men's T-Shirt","simple","Wears",,"base","Green","XL",100,1500,0,"Enabled","Not Visible Individually",0,0,"In Stock",,,,
"DUSG-031-XL-Natural","Green Power Men's T-Shirt","Green Power Men's T-Shirt","Green Power Men's T-Shirt","simple","Wears",,"base","Natural","XL",100,1500,0,"Enabled","Not Visible Individually",0,0,"In Stock",,,,
"DUSG-032-L-Green","Green Power Women T-Shirt","Green Power Women T-Shirt","Green Power Women T-Shirt","simple","Wears",,"base","Green","L",100,1500,0,"Enabled","Not Visible Individually",0,0,"In Stock",,,,
"DUSG-032-L-Natural","Green Power Women T-Shirt","Green Power Women T-Shirt","Green Power Women T-Shirt","simple","Wears",,"base","Natural","L",100,1500,0,"Enabled","Not Visible Individually",0,0,"In Stock",,,,
"DUSG-032-M-Green","Green Power Women T-Shirt","Green Power Women T-Shirt","Green Power Women T-Shirt","simple","Wears",,"base","Green","M",100,1500,0,"Enabled","Not Visible Individually",0,0,"In Stock",,,,
"DUSG-032-M-Natural","Green Power Women T-Shirt","Green Power Women T-Shirt","Green Power Women T-Shirt","simple","Wears",,"base","Natural","M",100,1500,0,"Enabled","Not Visible Individually",0,0,"In Stock",,,,
"DUSG-032-S-Green","Green Power Women T-Shirt","Green Power Women T-Shirt","Green Power Women T-Shirt","simple","Wears",,"base","Green","S",100,1500,0,"Enabled","Not Visible Individually",0,0,"In Stock",,,,
"DUSG-032-S-Natural","Green Power Women T-Shirt","Green Power Women T-Shirt","Green Power Women T-Shirt","simple","Wears",,"base","Natural","S",100,1500,0,"Enabled","Not Visible Individually",0,0,"In Stock",,,,
"DUSG-032-XL-Green","Green Power Women T-Shirt","Green Power Women T-Shirt","Green Power Women T-Shirt","simple","Wears",,"base","Green","XL",100,1500,0,"Enabled","Not Visible Individually",0,0,"In Stock",,,,
"DUSG-032-XL-Natural","Green Power Women T-Shirt","Green Power Women T-Shirt","Green Power Women T-Shirt","simple","Wears",,"base","Natural","XL",100,1500,0,"Enabled","Not Visible Individually",0,0,"In Stock",,,,
"DUSG-033-L-Brown_All_over_printed","Sariska Men's Polo Shirt","Sariska Men's Polo Shirt","Sariska Men's Polo Shirt","simple","Wears",,"base","Brown All over printed","L",100,1500,0,"Enabled","Not Visible Individually",0,0,"In Stock",,,,
"DUSG-033-L-Olive","Sariska Men's Polo Shirt","Sariska Men's Polo Shirt","Sariska Men's Polo Shirt","simple","Wears",,"base","Olive","L",100,1500,0,"Enabled","Not Visible Individually",0,0,"In Stock",,,,
"DUSG-033-M-Brown_All_over_printed","Sariska Men's Polo Shirt","Sariska Men's Polo Shirt","Sariska Men's Polo Shirt","simple","Wears",,"base","Brown All over printed","M",100,1500,0,"Enabled","Not Visible Individually",0,0,"In Stock",,,,
"DUSG-033-M-Olive","Sariska Men's Polo Shirt","Sariska Men's Polo Shirt","Sariska Men's Polo Shirt","simple","Wears",,"base","Olive","M",100,1500,0,"Enabled","Not Visible Individually",0,0,"In Stock",,,,
"DUSG-033-S-Brown_All_over_printed","Sariska Men's Polo Shirt","Sariska Men's Polo Shirt","Sariska Men's Polo Shirt","simple","Wears",,"base","Brown All over printed","S",100,1500,0,"Enabled","Not Visible Individually",0,0,"In Stock",,,,
"DUSG-033-S-Olive","Sariska Men's Polo Shirt","Sariska Men's Polo Shirt","Sariska Men's Polo Shirt","simple","Wears",,"base","Olive","S",100,1500,0,"Enabled","Not Visible Individually",0,0,"In Stock",,,,
"DUSG-033-XL-Brown_All_over_printed","Sariska Men's Polo Shirt","Sariska Men's Polo Shirt","Sariska Men's Polo Shirt","simple","Wears",,"base","Brown All over printed","XL",100,1500,0,"Enabled","Not Visible Individually",0,0,"In Stock",,,,
"DUSG-033-XL-Olive","Sariska Men's Polo Shirt","Sariska Men's Polo Shirt","Sariska Men's Polo Shirt","simple","Wears",,"base","Olive","XL",100,1500,0,"Enabled","Not Visible Individually",0,0,"In Stock",,,,
"DUSG-034-10-Brown_All_over_printed","Sariska Boy's Polo Shirt","Sariska Boy's Polo Shirt","Sariska Boy's Polo Shirt","simple","Wears",,"base","Brown All over printed","10",100,1500,0,"Enabled","Not Visible Individually",0,0,"In Stock",,,,
"DUSG-034-10-Olive","Sariska Boy's Polo Shirt","Sariska Boy's Polo Shirt","Sariska Boy's Polo Shirt","simple","Wears",,"base","Olive","10",100,1500,0,"Enabled","Not Visible Individually",0,0,"In Stock",,,,
"DUSG-034-12-Brown_All_over_printed","Sariska Boy's Polo Shirt","Sariska Boy's Polo Shirt","Sariska Boy's Polo Shirt","simple","Wears",,"base","Brown All over printed","12",100,1500,0,"Enabled","Not Visible Individually",0,0,"In Stock",,,,
"DUSG-034-12-Olive","Sariska Boy's Polo Shirt","Sariska Boy's Polo Shirt","Sariska Boy's Polo Shirt","simple","Wears",,"base","Olive","12",100,1500,0,"Enabled","Not Visible Individually",0,0,"In Stock",,,,
"DUSG-034-8-Brown_All_over_printed","Sariska Boy's Polo Shirt","Sariska Boy's Polo Shirt","Sariska Boy's Polo Shirt","simple","Wears",,"base","Brown All over printed","8",100,1500,0,"Enabled","Not Visible Individually",0,0,"In Stock",,,,
"DUSG-034-8-Olive","Sariska Boy's Polo Shirt","Sariska Boy's Polo Shirt","Sariska Boy's Polo Shirt","simple","Wears",,"base","Olive","8",100,1500,0,"Enabled","Not Visible Individually",0,0,"In Stock",,,,
"DUSG-035-L-Brown","Kazirango Men's 3/4th Pant","Kazirango Men's 3/4th Pant","Kazirango Men's 3/4th Pant","simple","Wears",,"base","Brown","L",100,1500,0,"Enabled","Not Visible Individually",0,0,"In Stock",,,,
"DUSG-035-L-Olive","Kazirango Men's 3/4th Pant","Kazirango Men's 3/4th Pant","Kazirango Men's 3/4th Pant","simple","Wears",,"base","Olive","L",100,1500,0,"Enabled","Not Visible Individually",0,0,"In Stock",,,,
"DUSG-035-M-Brown","Kazirango Men's 3/4th Pant","Kazirango Men's 3/4th Pant","Kazirango Men's 3/4th Pant","simple","Wears",,"base","Brown","M",100,1500,0,"Enabled","Not Visible Individually",0,0,"In Stock",,,,
"DUSG-035-M-Olive","Kazirango Men's 3/4th Pant","Kazirango Men's 3/4th Pant","Kazirango Men's 3/4th Pant","simple","Wears",,"base","Olive","M",100,1500,0,"Enabled","Not Visible Individually",0,0,"In Stock",,,,
"DUSG-035-S-Brown","Kazirango Men's 3/4th Pant","Kazirango Men's 3/4th Pant","Kazirango Men's 3/4th Pant","simple","Wears",,"base","Brown","S",100,1500,0,"Enabled","Not Visible Individually",0,0,"In Stock",,,,
"DUSG-035-S-Olive","Kazirango Men's 3/4th Pant","Kazirango Men's 3/4th Pant","Kazirango Men's 3/4th Pant","simple","Wears",,"base","Olive","S",100,1500,0,"Enabled","Not Visible Individually",0,0,"In Stock",,,,
"DUSG-035-XL-Brown","Kazirango Men's 3/4th Pant","Kazirango Men's 3/4th Pant","Kazirango Men's 3/4th Pant","simple","Wears",,"base","Brown","XL",100,1500,0,"Enabled","Not Visible Individually",0,0,"In Stock",,,,
"DUSG-035-XL-Olive","Kazirango Men's 3/4th Pant","Kazirango Men's 3/4th Pant","Kazirango Men's 3/4th Pant","simple","Wears",,"base","Olive","XL",100,1500,0,"Enabled","Not Visible Individually",0,0,"In Stock",,,,
"DUSG-036-10-Brown","Kazirango Boy's 3/4th Pant","Kazirango Boy's 3/4th Pant","Kazirango Boy's 3/4th Pant","simple","Wears",,"base","Brown","10",100,1500,0,"Enabled","Not Visible Individually",0,0,"In Stock",,,,
"DUSG-036-10-Olive","Kazirango Boy's 3/4th Pant","Kazirango Boy's 3/4th Pant","Kazirango Boy's 3/4th Pant","simple","Wears",,"base","Olive","10",100,1500,0,"Enabled","Not Visible Individually",0,0,"In Stock",,,,
"DUSG-036-12-Brown","Kazirango Boy's 3/4th Pant","Kazirango Boy's 3/4th Pant","Kazirango Boy's 3/4th Pant","simple","Wears",,"base","Brown","12",100,1500,0,"Enabled","Not Visible Individually",0,0,"In Stock",,,,
"DUSG-036-12-Olive","Kazirango Boy's 3/4th Pant","Kazirango Boy's 3/4th Pant","Kazirango Boy's 3/4th Pant","simple","Wears",,"base","Olive","12",100,1500,0,"Enabled","Not Visible Individually",0,0,"In Stock",,,,
"DUSG-036-8-Brown","Kazirango Boy's 3/4th Pant","Kazirango Boy's 3/4th Pant","Kazirango Boy's 3/4th Pant","simple","Wears",,"base","Brown","8",100,1500,0,"Enabled","Not Visible Individually",0,0,"In Stock",,,,
"DUSG-036-8-Olive","Kazirango Boy's 3/4th Pant","Kazirango Boy's 3/4th Pant","Kazirango Boy's 3/4th Pant","simple","Wears",,"base","Olive","8",100,1500,0,"Enabled","Not Visible Individually",0,0,"In Stock",,,,
"DUSG-037-L-Brown","Namdapha Women 3/4th Pant","Namdapha Women 3/4th Pant","Namdapha Women 3/4th Pant","simple","Wears",,"base","Brown","L",100,1500,0,"Enabled","Not Visible Individually",0,0,"In Stock",,,,
"DUSG-037-L-Olive","Namdapha Women 3/4th Pant","Namdapha Women 3/4th Pant","Namdapha Women 3/4th Pant","simple","Wears",,"base","Olive","L",100,1500,0,"Enabled","Not Visible Individually",0,0,"In Stock",,,,
"DUSG-037-M-Brown","Namdapha Women 3/4th Pant","Namdapha Women 3/4th Pant","Namdapha Women 3/4th Pant","simple","Wears",,"base","Brown","M",100,1500,0,"Enabled","Not Visible Individually",0,0,"In Stock",,,,
"DUSG-037-M-Olive","Namdapha Women 3/4th Pant","Namdapha Women 3/4th Pant","Namdapha Women 3/4th Pant","simple","Wears",,"base","Olive","M",100,1500,0,"Enabled","Not Visible Individually",0,0,"In Stock",,,,
"DUSG-037-S-Brown","Namdapha Women 3/4th Pant","Namdapha Women 3/4th Pant","Namdapha Women 3/4th Pant","simple","Wears",,"base","Brown","S",100,1500,0,"Enabled","Not Visible Individually",0,0,"In Stock",,,,
"DUSG-037-S-Olive","Namdapha Women 3/4th Pant","Namdapha Women 3/4th Pant","Namdapha Women 3/4th Pant","simple","Wears",,"base","Olive","S",100,1500,0,"Enabled","Not Visible Individually",0,0,"In Stock",,,,
"DUSG-037-XL-Brown","Namdapha Women 3/4th Pant","Namdapha Women 3/4th Pant","Namdapha Women 3/4th Pant","simple","Wears",,"base","Brown","XL",100,1500,0,"Enabled","Not Visible Individually",0,0,"In Stock",,,,
"DUSG-037-XL-Olive","Namdapha Women 3/4th Pant","Namdapha Women 3/4th Pant","Namdapha Women 3/4th Pant","simple","Wears",,"base","Olive","XL",100,1500,0,"Enabled","Not Visible Individually",0,0,"In Stock",,,,
"DUSG-038-10-Brown","Namdapha Girls 3/4th Pant","Namdapha Girls 3/4th Pant","Namdapha Girls 3/4th Pant","simple","Wears",,"base","Brown","10",100,1500,0,"Enabled","Not Visible Individually",0,0,"In Stock",,,,
"DUSG-038-10-Olive","Namdapha Girls 3/4th Pant","Namdapha Girls 3/4th Pant","Namdapha Girls 3/4th Pant","simple","Wears",,"base","Olive","10",100,1500,0,"Enabled","Not Visible Individually",0,0,"In Stock",,,,
"DUSG-038-12-Brown","Namdapha Girls 3/4th Pant","Namdapha Girls 3/4th Pant","Namdapha Girls 3/4th Pant","simple","Wears",,"base","Brown","12",100,1500,0,"Enabled","Not Visible Individually",0,0,"In Stock",,,,
"DUSG-038-12-Olive","Namdapha Girls 3/4th Pant","Namdapha Girls 3/4th Pant","Namdapha Girls 3/4th Pant","simple","Wears",,"base","Olive","12",100,1500,0,"Enabled","Not Visible Individually",0,0,"In Stock",,,,
"DUSG-038-8-Brown","Namdapha Girls 3/4th Pant","Namdapha Girls 3/4th Pant","Namdapha Girls 3/4th Pant","simple","Wears",,"base","Brown","8",100,1500,0,"Enabled","Not Visible Individually",0,0,"In Stock",,,,
"DUSG-038-8-Olive","Namdapha Girls 3/4th Pant","Namdapha Girls 3/4th Pant","Namdapha Girls 3/4th Pant","simple","Wears",,"base","Olive","8",100,1500,0,"Enabled","Not Visible Individually",0,0,"In Stock",,,,
"DUSG-039-L-Multicolour","Recycle T-Shirt Mens","Recycle T-Shirt Mens","Recycle T-Shirt Mens","simple","Wears",,"base","Multicolour","L",100,1500,0,"Enabled","Not Visible Individually",0,0,"In Stock",,,,
"DUSG-039-M-Multicolour","Recycle T-Shirt Mens","Recycle T-Shirt Mens","Recycle T-Shirt Mens","simple","Wears",,"base","Multicolour","M",100,1500,0,"Enabled","Not Visible Individually",0,0,"In Stock",,,,
"DUSG-039-S-Multicolour","Recycle T-Shirt Mens","Recycle T-Shirt Mens","Recycle T-Shirt Mens","simple","Wears",,"base","Multicolour","S",100,1500,0,"Enabled","Not Visible Individually",0,0,"In Stock",,,,
"DUSG-039-XL-Multicolour","Recycle T-Shirt Mens","Recycle T-Shirt Mens","Recycle T-Shirt Mens","simple","Wears",,"base","Multicolour","XL",100,1500,0,"Enabled","Not Visible Individually",0,0,"In Stock",,,,
"DUSG-040-L-Multicolour","Recycle T-Shirt Women","Recycle T-Shirt Women","Recycle T-Shirt Women","simple","Wears",,"base","Multicolour","L",100,1500,0,"Enabled","Not Visible Individually",0,0,"In Stock",,,,
"DUSG-040-M-Multicolour","Recycle T-Shirt Women","Recycle T-Shirt Women","Recycle T-Shirt Women","simple","Wears",,"base","Multicolour","M",100,1500,0,"Enabled","Not Visible Individually",0,0,"In Stock",,,,
"DUSG-040-S-Multicolour","Recycle T-Shirt Women","Recycle T-Shirt Women","Recycle T-Shirt Women","simple","Wears",,"base","Multicolour","S",100,1500,0,"Enabled","Not Visible Individually",0,0,"In Stock",,,,
"DUSG-040-XL-Multicolour","Recycle T-Shirt Women","Recycle T-Shirt Women","Recycle T-Shirt Women","simple","Wears",,"base","Multicolour","XL",100,1500,0,"Enabled","Not Visible Individually",0,0,"In Stock",,,,
"DUSG-041-L-Aqua","Men's Yoga Top Dhyan","Men's Yoga Top Dhyan","Men's Yoga Top Dhyan","simple","Wears",,"base","Aqua","L",100,1500,0,"Enabled","Not Visible Individually",0,0,"In Stock",,,,
"DUSG-041-L-Natural","Men's Yoga Top Dhyan","Men's Yoga Top Dhyan","Men's Yoga Top Dhyan","simple","Wears",,"base","Natural","L",100,1500,0,"Enabled","Not Visible Individually",0,0,"In Stock",,,,
"DUSG-041-M-Aqua","Men's Yoga Top Dhyan","Men's Yoga Top Dhyan","Men's Yoga Top Dhyan","simple","Wears",,"base","Aqua","M",100,1500,0,"Enabled","Not Visible Individually",0,0,"In Stock",,,,
